number_of_bedrooms,square_footage,locations,age,price
5.0,1917.0,downtown,35.0,232962.0
1.0,1730.0,defence phase 5,38.0,162866.0
4.0,1465.0,north nazimabad,15.0,189312.0
2.0,670.0,downtown,21.0,97673.0
6.0,1715.0,street no 01,20.0,246186.0
5.0,1604.0,street no 05,20.0,210009.0
4.0,1636.0,north nazimabad,,205218.0
1.0,862.0,street no 03,15.0,136260.0
1.0,959.0,street no 01,30.0,100766.0
3.0,2027.0,suburb area,9.0,266789.0
3.0,1480.0,street no 03,31.0,183096.0
2.0,1841.0,defence phase 5,33.0,188177.0
4.0,1514.0,street no 06,8.0,200736.0
4.0,1515.0,defence phase 5,16.0,209663.0
6.0,1969.0,street no 07,10.0,254608.0
6.0,1242.0,street no 08,31.0,216062.0
6.0,1548.0,gulberg,9.0,256706.0
3.0,1269.0,downtown,21.0,165162.0
4.0,1283.0,street no 04,16.0,186513.0
4.0,1345.0,street no 03,3.0,189672.0
1.0,1611.0,street no 05,24.0,153599.0
3.0,1261.0,street no 09,20.0,182521.0
5.0,2128.0,gulberg,,267427.0
3.0,1053.0,street no 06,37.0,138763.0
5.0,1407.0,north nazimabad,0.0,201546.0
1.0,1280.0,street no 09,24.0,143272.0
2.0,2223.0,north nazimabad,35.0,218634.0
4.0,1598.0,street no 06,16.0,191580.0
1.0,2016.0,street no 02,23.0,219261.0
4.0,757.0,gulberg,1.0,178077.0
6.0,1634.0,street no 05,39.0,226252.0
2.0,1945.0,suburb area,14.0,226631.0
2.0,1541.0,downtown,,165753.0
,2033.0,street no 09,38.0,1588354.2497173855
2.0,1241.0,street no 08,5.0,161543.0
5.0,,street no 07,0.0,275637.0
2.0,2649.0,street no 01,22.0,256331.0
4.0,1319.0,street no 04,38.0,187039.0
4.0,1277.0,suburb area,16.0,216020.0
4.0,2227.0,street no 07,,234587.0
4.0,2290.0,downtown,28.0,231859.0
5.0,1239.0,street no 07,8.0,199488.0
3.0,1290.0,north nazimabad,12.0,173790.0
6.0,1359.0,street no 06,5.0,216762.0
1.0,828.0,street no 08,5.0,135214.0
4.0,1041.0,downtown,19.0,146648.0
2.0,998.0,gulberg,2.0,157913.0
4.0,1116.0,street no 06,16.0,161365.0
2.0,1483.0,street no 10,11.0,183831.0
6.0,1617.0,street no 03,0.0,266514.0
6.0,2275.0,street no 04,16.0,293281.0
6.0,1001.0,defence phase 5,2.0,190561.0
2.0,1992.0,street no 03,25.0,223656.0
4.0,1393.0,street no 01,14.0,209126.0
6.0,1475.0,north nazimabad,35.0,203433.0
5.0,1837.0,street no 10,31.0,253947.0
2.0,939.0,street no 05,31.0,115902.0
,1691.0,north nazimabad,3.0,171039.0
4.0,1583.0,street no 01,17.0,211406.0
2.0,1746.0,street no 01,18.0,197704.0
2.0,1645.0,street no 02,34.0,202338.0
6.0,2728.0,gulberg,39.0,336366.0
4.0,1181.0,street no 04,13.0,189592.0
6.0,1235.0,street no 06,32.0,195399.0
6.0,1188.0,street no 08,13.0,214671.0
4.0,1222.0,gulberg,33.0,191104.0
1.0,1181.0,street no 03,3.0,149323.0
6.0,2095.0,street no 01,23.0,270443.0
5.0,2210.0,street no 03,28.0,301960.0
5.0,1215.0,suburb area,18.0,227017.0
2.0,1084.0,street no 03,5.0,149298.0
5.0,1736.0,street no 05,32.0,221894.0
2.0,1224.0,downtown,39.0,135908.0
1.0,1816.0,suburb area,18.0,193107.0
4.0,1601.0,suburb area,0.0,242492.0
4.0,742.0,street no 04,4.0,157299.0
4.0,2274.0,gulberg,26.0,267022.0
5.0,2398.0,street no 04,15.0,301323.0
,1194.0,street no 09,5.0,155995.0
5.0,1306.0,street no 07,39.0,189368.0
5.0,1643.0,street no 04,12.0,237391.0
1.0,1667.0,street no 03,34.0,195653.0
1.0,1829.0,street no 06,18.0,157096.0
1.0,2505.0,street no 03,11.0,257029.0
1.0,1412.0,street no 06,,130401.0
4.0,1101.0,downtown,9.0,160125.0
3.0,810.0,gulberg,24.0,141922.0
3.0,1135.0,downtown,,146178.0
1.0,1483.0,gulberg,30.0,165923.0
3.0,2397.0,gulberg,3.0,276950.0
3.0,1241.0,suburb area,22.0,180994.0
1.0,1612.0,street no 09,1.0,197964.0
3.0,1492.0,street no 06,21.0,178648.0
5.0,2094.0,,36.0,264699.0
2.0,2763.0,street no 04,,290893.0
,1235.0,north nazimabad,6.0,146516.0
1.0,1255.0,street no 05,13.0,130178.0
4.0,2022.0,gulberg,2.0,275617.0
1.0,1841.0,street no 06,15.0,185486.0
4.0,2423.0,downtown,18.0,253793.0
2.0,1792.0,street no 03,17.0,208902.0
1.0,1320.0,street no 08,15.0,158378.0
,1795.0,,7.0,273821.0
5.0,2054.0,street no 08,32.0,271109.0
3.0,1910.0,street no 10,11.0,235857.0
4.0,1754.0,street no 10,10.0,236481.0
6.0,2033.0,street no 03,4.0,294071.0
3.0,2085.0,street no 10,26.0,255760.0
3.0,2191.0,street no 07,11.0,251229.0
1.0,1824.0,downtown,16.0,171760.0
3.0,1416.0,gulberg,5.0,203278.0
5.0,1573.0,suburb area,32.0,225871.0
6.0,2103.0,street no 09,4.0,289201.0
3.0,1092.0,street no 04,27.0,156792.0
1.0,1684.0,street no 08,13.0,187147.0
5.0,1303.0,street no 03,4.0,216641.0
2.0,1514.0,street no 07,32.0,165046.0
6.0,2139.0,street no 03,18.0,296630.0
3.0,1596.0,suburb area,21.0,216922.0
1.0,1523.0,north nazimabad,4.0,151719.0
2.0,820.0,north nazimabad,1.0,126793.0
2.0,1873.0,street no 07,29.0,180963.0
4.0,1823.0,defence phase 5,38.0,206167.0
5.0,2582.0,downtown,3.0,283237.0
3.0,1346.0,street no 10,,179514.0
1.0,1610.0,street no 10,12.0,176706.0
4.0,1625.0,downtown,19.0,209800.0
5.0,2289.0,downtown,6.0,285695.0
4.0,,street no 06,14.0,180518.0
6.0,1640.0,street no 02,22.0,254251.0
5.0,1804.0,downtown,13.0,226433.0
5.0,1593.0,street no 03,22.0,229191.0
3.0,1277.0,street no 06,18.0,161139.0
5.0,1597.0,defence phase 5,28.0,209641.0
4.0,2037.0,street no 04,19.0,254651.0
5.0,987.0,street no 06,28.0,169329.0
3.0,1566.0,street no 01,23.0,180248.0
3.0,1150.0,street no 10,17.0,179785.0
6.0,2098.0,suburb area,,301307.0
,738.0,street no 01,7.0,162709.0
2.0,1221.0,street no 03,25.0,172428.0
2.0,1689.0,street no 08,28.0,199862.0
5.0,2283.0,street no 08,9.0,295078.0
6.0,1467.0,downtown,16.0,205944.0
1.0,1222.0,street no 04,1.0,158195.0
5.0,2441.0,street no 06,5.0,288777.0
6.0,776.0,north nazimabad,4.0,179768.0
4.0,401.0,street no 08,27.0,145861.0
4.0,1720.0,street no 07,4.0,206760.0
4.0,1249.0,,17.0,157402.0
4.0,989.0,street no 07,25.0,145484.0
4.0,1854.0,gulberg,19.0,256276.0
6.0,1622.0,street no 04,26.0,238183.0
6.0,,street no 09,11.0,221262.0
3.0,860.0,suburb area,6.0,175557.0
2.0,1936.0,street no 10,2.0,214140.0
4.0,1825.0,street no 06,9.0,224622.0
1.0,1450.0,defence phase 5,33.0,133673.0
6.0,2423.0,suburb area,24.0,326630.0
1.0,965.0,downtown,34.0,96702.0
1.0,737.0,street no 03,15.0,112506.0
1.0,1154.0,street no 05,1.0,119979.0
3.0,1477.0,street no 05,23.0,168891.0
6.0,1622.0,defence phase 5,9.0,250166.0
1.0,1379.0,street no 05,37.0,130692.0
4.0,1676.0,street no 08,21.0,239950.0
5.0,874.0,street no 09,25.0,173467.0
1.0,2222.0,gulberg,38.0,228531.0
3.0,1459.0,street no 09,26.0,184595.0
6.0,2059.0,gulberg,28.0,282878.0
3.0,1671.0,street no 06,37.0,187529.0
1.0,1728.0,street no 06,19.0,173999.0
6.0,,street no 09,26.0,251530.0
5.0,1724.0,street no 04,19.0,237759.0
1.0,1821.0,street no 06,18.0,171614.0
3.0,2165.0,street no 04,19.0,260605.0
2.0,1598.0,downtown,34.0,161168.0
4.0,1855.0,street no 01,1.0,227289.0
3.0,1455.0,street no 07,29.0,163479.0
6.0,2220.0,defence phase 5,33.0,272627.0
1.0,1162.0,street no 10,21.0,131397.0
4.0,2400.0,downtown,2.0,265985.0
1.0,1480.0,suburb area,5.0,182376.0
6.0,785.0,street no 06,14.0,164147.0
1.0,1564.0,street no 09,26.0,162906.0
2.0,1159.0,street no 07,9.0,147314.0
4.0,1920.0,gulberg,8.0,254988.0
4.0,1174.0,street no 07,32.0,155641.0
6.0,1277.0,street no 02,31.0,229218.0
2.0,555.0,suburb area,,121656.0
3.0,1274.0,downtown,35.0,145879.0
1.0,300.0,north nazimabad,1.0,61296.0
5.0,708.0,street no 09,28.0,157323.0
1.0,1880.0,street no 10,3.0,200349.0
1.0,1893.0,street no 09,0.0,203836.0
3.0,1713.0,street no 06,18.0,200362.0
1.0,1017.0,gulberg,,130719.0
2.0,1476.0,street no 03,24.0,181654.0
2.0,1498.0,street no 01,9.0,176658.0
4.0,921.0,street no 04,14.0,168966.0
6.0,2252.0,defence phase 5,21.0,287623.0
5.0,1939.0,defence phase 5,20.0,242220.0
1.0,1390.0,street no 03,21.0,152689.0
1.0,1513.0,defence phase 5,35.0,132284.0
3.0,1604.0,,33.0,218758.0
6.0,479.0,street no 01,29.0,149964.0
2.0,1376.0,street no 03,24.0,177555.0
5.0,1159.0,defence phase 5,27.0,184203.0
4.0,,defence phase 5,0.0,162121.0
2.0,1359.0,street no 04,3.0,171167.0
6.0,2399.0,gulberg,6.0,319374.0
4.0,1820.0,gulberg,8.0,241183.0
3.0,1214.0,north nazimabad,35.0,156590.0
3.0,1786.0,defence phase 5,18.0,198428.0
1.0,2200.0,street no 08,0.0,249086.0
6.0,1962.0,street no 09,9.0,280010.0
5.0,1530.0,street no 03,35.0,218770.0
4.0,1177.0,street no 06,8.0,162645.0
2.0,,street no 10,31.0,201038.0
6.0,1697.0,downtown,31.0,237429.0
6.0,1948.0,north nazimabad,5.0,256939.0
3.0,1818.0,street no 05,37.0,210115.0
1.0,2025.0,street no 06,16.0,183515.0
,1232.0,street no 04,9.0,993632.7538752441
,2159.0,street no 10,26.0,261881.0
3.0,1599.0,street no 06,,174595.0
6.0,2538.0,street no 07,20.0,290192.0
5.0,1155.0,street no 09,24.0,193657.0
3.0,2368.0,street no 10,27.0,254997.0
4.0,1599.0,street no 07,14.0,184791.0
4.0,1174.0,street no 06,3.0,174617.0
3.0,1258.0,street no 01,,156538.0
4.0,1340.0,street no 02,8.0,229703.0
3.0,1712.0,street no 01,26.0,206942.0
2.0,1761.0,street no 09,25.0,211004.0
,1213.0,street no 10,18.0,170916.0
3.0,1488.0,,27.0,194952.0
4.0,2571.0,street no 09,16.0,275759.0
4.0,2364.0,street no 07,19.0,254689.0
1.0,1718.0,gulberg,39.0,182026.0
1.0,1519.0,street no 02,38.0,171781.0
2.0,1560.0,street no 06,22.0,164701.0
1.0,1807.0,downtown,31.0,1226902.9250904755
3.0,989.0,street no 04,32.0,125360.0
4.0,1371.0,street no 01,4.0,199711.0
1.0,666.0,street no 01,33.0,85629.0
1.0,1700.0,suburb area,39.0,196001.0
2.0,1824.0,street no 05,10.0,195111.0
6.0,1258.0,suburb area,2.0,242390.0
2.0,2287.0,street no 02,32.0,258828.0
,887.0,street no 04,,131048.0
4.0,768.0,street no 01,15.0,139802.0
2.0,1612.0,street no 04,17.0,183280.0
1.0,2024.0,downtown,29.0,177967.0
4.0,2342.0,street no 06,9.0,246510.0
4.0,1271.0,street no 10,17.0,207060.0
1.0,2039.0,street no 04,37.0,196568.0
2.0,1481.0,street no 01,,172012.0
1.0,1414.0,street no 07,35.0,129728.0
6.0,1942.0,defence phase 5,12.0,272953.0
4.0,1826.0,street no 02,2.0,243213.0
5.0,712.0,street no 09,9.0,167403.0
5.0,2238.0,gulberg,37.0,293007.0
3.0,2190.0,street no 03,0.0,263696.0
1.0,1187.0,street no 08,26.0,138997.0
1.0,1698.0,gulberg,7.0,190807.0
3.0,1747.0,street no 08,16.0,223264.0
3.0,1630.0,street no 03,8.0,209911.0
3.0,1225.0,street no 04,5.0,178224.0
4.0,1164.0,street no 02,24.0,206215.0
6.0,1487.0,street no 04,38.0,224127.0
1.0,2086.0,downtown,27.0,180302.0
4.0,1772.0,downtown,32.0,205262.0
3.0,1315.0,downtown,36.0,146625.0
1.0,1886.0,defence phase 5,8.0,174740.0
4.0,300.0,street no 09,17.0,114055.0
6.0,2074.0,street no 02,20.0,298157.0
4.0,630.0,suburb area,1.0,171502.0
6.0,1319.0,suburb area,37.0,223039.0
3.0,940.0,gulberg,39.0,156856.0
6.0,853.0,street no 03,35.0,184237.0
1.0,2080.0,north nazimabad,36.0,176809.0
3.0,1266.0,downtown,14.0,144633.0
1.0,1673.0,downtown,27.0,166638.0
5.0,1477.0,north nazimabad,17.0,205654.0
2.0,1739.0,street no 04,33.0,199058.0
6.0,1538.0,street no 05,21.0,210116.0
2.0,859.0,street no 01,10.0,144803.0
2.0,1998.0,street no 07,12.0,208309.0
6.0,1253.0,defence phase 5,3.0,210190.0
3.0,722.0,street no 10,,133134.0
5.0,1286.0,street no 07,6.0,198080.0
1.0,2250.0,street no 09,,227962.0
4.0,1925.0,street no 04,3.0,252907.0
1.0,1326.0,defence phase 5,27.0,131161.0
4.0,1325.0,defence phase 5,14.0,186982.0
1.0,1339.0,street no 06,0.0,129426.0
6.0,2538.0,downtown,2.0,304893.0
5.0,1691.0,street no 02,13.0,243634.0
4.0,1715.0,suburb area,37.0,237333.0
3.0,2015.0,suburb area,0.0,254590.0
1.0,1619.0,defence phase 5,37.0,136941.0
1.0,1370.0,street no 04,37.0,138696.0
4.0,1402.0,street no 02,20.0,216383.0
3.0,1464.0,street no 10,28.0,189801.0
3.0,1481.0,street no 05,4.0,173335.0
6.0,1864.0,north nazimabad,9.0,243254.0
6.0,1526.0,street no 07,27.0,216495.0
6.0,1866.0,gulberg,20.0,272932.0
6.0,1460.0,street no 01,6.0,231717.0
6.0,1539.0,north nazimabad,2.0,233116.0
6.0,501.0,street no 10,19.0,167343.0
5.0,1958.0,street no 10,18.0,272738.0
3.0,1673.0,street no 07,34.0,180335.0
6.0,1999.0,street no 10,3.0,289179.0
3.0,300.0,gulberg,4.0,115496.0
3.0,2544.0,street no 06,0.0,267046.0
2.0,1430.0,street no 06,3.0,150999.0
5.0,2054.0,suburb area,11.0,296352.0
6.0,980.0,street no 08,26.0,212275.0
1.0,,street no 08,22.0,214034.0
4.0,973.0,street no 06,24.0,165324.0
1.0,1188.0,street no 03,20.0,134912.0
5.0,2457.0,street no 05,23.0,278618.0
4.0,1405.0,street no 02,24.0,233521.0
5.0,1609.0,north nazimabad,31.0,210169.0
3.0,1935.0,defence phase 5,31.0,209747.0
4.0,1748.0,street no 05,4.0,206912.0
3.0,1575.0,defence phase 5,35.0,178196.0
1.0,1682.0,street no 09,38.0,185060.0
1.0,2702.0,street no 10,15.0,277276.0
4.0,1471.0,street no 01,32.0,186782.0
4.0,1601.0,street no 10,20.0,218232.0
6.0,2025.0,street no 05,8.0,260194.0
5.0,2053.0,suburb area,5.0,283727.0
6.0,2094.0,street no 06,34.0,246478.0
5.0,1819.0,defence phase 5,38.0,224335.0
6.0,928.0,downtown,21.0,181644.0
3.0,2317.0,street no 07,4.0,248527.0
4.0,,street no 09,22.0,173135.0
1.0,1651.0,street no 06,16.0,168906.0
5.0,1123.0,street no 05,11.0,176206.0
,1468.0,suburb area,22.0,229160.0
1.0,1664.0,street no 07,15.0,152174.0
6.0,1661.0,gulberg,2.0,256441.0
5.0,1711.0,street no 01,29.0,227620.0
3.0,2307.0,downtown,21.0,211648.0
,1727.0,defence phase 5,8.0,222385.0
1.0,1378.0,street no 05,28.0,133056.0
4.0,1982.0,north nazimabad,36.0,226605.0
5.0,2095.0,street no 02,22.0,293085.0
5.0,886.0,street no 04,12.0,180417.0
1.0,1799.0,street no 07,31.0,173796.0
3.0,1851.0,street no 05,22.0,208296.0
2.0,1351.0,suburb area,16.0,177819.0
1.0,2188.0,street no 06,39.0,189878.0
2.0,1425.0,street no 02,20.0,168938.0
6.0,1563.0,street no 03,1.0,251602.0
2.0,1413.0,street no 07,36.0,139315.0
3.0,1508.0,downtown,5.0,183334.0
6.0,952.0,street no 02,17.0,204686.0
2.0,780.0,suburb area,29.0,121726.0
6.0,2297.0,street no 06,21.0,269400.0
2.0,1077.0,street no 05,32.0,116629.0
3.0,1004.0,street no 10,29.0,169750.0
2.0,423.0,street no 01,16.0,87990.0
2.0,1181.0,suburb area,31.0,170293.0
2.0,838.0,downtown,13.0,99163.0
1.0,2321.0,north nazimabad,9.0,205865.0
1.0,2005.0,street no 10,35.0,191454.0
1.0,1156.0,downtown,33.0,106026.0
3.0,2626.0,street no 04,8.0,274073.0
6.0,1991.0,downtown,27.0,243551.0
5.0,1338.0,street no 02,10.0,225378.0
2.0,300.0,street no 04,13.0,75879.0
2.0,2645.0,street no 01,38.0,235592.0
3.0,805.0,street no 02,18.0,155746.0
2.0,677.0,gulberg,14.0,125825.0
1.0,2011.0,street no 08,27.0,218259.0
5.0,2720.0,street no 06,23.0,293456.0
4.0,2192.0,street no 02,7.0,290968.0
2.0,1782.0,suburb area,8.0,234591.0
1.0,1797.0,north nazimabad,32.0,167131.0
4.0,,street no 06,32.0,214520.0
5.0,1879.0,street no 10,18.0,260804.0
4.0,1641.0,street no 09,2.0,224062.0
1.0,1552.0,street no 07,9.0,145389.0
6.0,1469.0,street no 09,39.0,232531.0
6.0,1123.0,street no 05,0.0,199968.0
4.0,1360.0,street no 07,28.0,181764.0
3.0,654.0,downtown,33.0,93104.0
,1451.0,north nazimabad,12.0,189624.0
2.0,1006.0,defence phase 5,0.0,129441.0
2.0,948.0,street no 07,33.0,97702.0
6.0,1590.0,suburb area,28.0,263512.0
3.0,2196.0,suburb area,12.0,285962.0
1.0,1959.0,street no 03,28.0,198942.0
2.0,715.0,street no 07,38.0,80079.0
6.0,1005.0,street no 01,23.0,182919.0
5.0,1970.0,street no 09,25.0,253707.0
6.0,1009.0,street no 10,16.0,219241.0
2.0,1388.0,gulberg,6.0,180590.0
2.0,1775.0,street no 06,12.0,182558.0
6.0,1016.0,street no 05,4.0,180598.0
1.0,1553.0,street no 07,25.0,146413.0
4.0,833.0,street no 05,2.0,146343.0
2.0,1199.0,street no 10,6.0,157145.0
6.0,1660.0,street no 05,38.0,217898.0
6.0,704.0,downtown,0.0,174407.0
3.0,1720.0,street no 10,16.0,218185.0
4.0,1490.0,downtown,24.0,183837.0
5.0,1776.0,street no 07,2.0,234249.0
1.0,1612.0,street no 10,14.0,191440.0
5.0,2182.0,north nazimabad,28.0,249471.0
4.0,1563.0,street no 07,31.0,183692.0
4.0,1285.0,gulberg,25.0,197246.0
4.0,1561.0,downtown,15.0,179434.0
5.0,1772.0,north nazimabad,,219704.0
,1524.0,street no 03,27.0,221073.0
6.0,1520.0,street no 03,8.0,257961.0
5.0,1149.0,street no 10,0.0,217739.0
4.0,1169.0,suburb area,28.0,188604.0
6.0,799.0,gulberg,21.0,187992.0
3.0,2375.0,north nazimabad,,235468.0
4.0,878.0,street no 03,6.0,178975.0
5.0,1154.0,street no 06,13.0,190833.0
2.0,1141.0,suburb area,28.0,169748.0
4.0,1947.0,north nazimabad,18.0,241866.0
,1353.0,street no 06,18.0,153857.0
6.0,2124.0,gulberg,1.0,320173.0
3.0,1163.0,gulberg,14.0,177734.0
1.0,1639.0,street no 03,2.0,175264.0
3.0,1082.0,street no 03,10.0,177726.0
4.0,2573.0,street no 08,29.0,286556.0
2.0,906.0,street no 08,39.0,133989.0
2.0,1655.0,street no 07,17.0,1276175.2751508823
5.0,1817.0,street no 10,1.0,265777.0
2.0,1707.0,street no 04,31.0,208232.0
5.0,1407.0,north nazimabad,7.0,190606.0
6.0,1435.0,street no 04,21.0,232583.0
1.0,1522.0,street no 03,5.0,178679.0
4.0,1426.0,street no 05,11.0,179068.0
5.0,1982.0,street no 03,39.0,249110.0
1.0,2605.0,gulberg,35.0,247437.0
2.0,1221.0,street no 08,14.0,161530.0
2.0,815.0,street no 07,27.0,98159.0
1.0,1456.0,gulberg,17.0,166454.0
2.0,2790.0,street no 03,1.0,299523.0
6.0,1098.0,street no 09,12.0,216080.0
6.0,2320.0,suburb area,14.0,327051.0
1.0,2339.0,defence phase 5,19.0,212833.0
5.0,1223.0,gulberg,28.0,209414.0
5.0,1784.0,street no 05,28.0,233242.0
1.0,2314.0,street no 09,2.0,241729.0
,1310.0,street no 07,18.0,202995.0
5.0,1398.0,north nazimabad,2.0,215970.0
6.0,1209.0,street no 07,,211291.0
5.0,993.0,street no 06,39.0,136241.0
3.0,1175.0,street no 02,3.0,191302.0
4.0,888.0,street no 09,10.0,162493.0
2.0,1517.0,street no 06,30.0,156600.0
3.0,1115.0,street no 08,31.0,161907.0
5.0,1617.0,street no 01,26.0,224511.0
6.0,722.0,street no 05,29.0,140034.0
1.0,1665.0,suburb area,1.0,204724.0
5.0,1917.0,street no 01,8.0,248168.0
6.0,503.0,street no 10,27.0,156060.0
4.0,1687.0,downtown,30.0,199291.0
5.0,2114.0,defence phase 5,33.0,251744.0
1.0,895.0,street no 08,14.0,137678.0
6.0,2336.0,street no 08,24.0,306771.0
6.0,1710.0,street no 01,35.0,238636.0
6.0,1147.0,street no 09,7.0,224415.0
4.0,1472.0,street no 02,8.0,229678.0
5.0,1779.0,suburb area,36.0,256521.0
4.0,1538.0,street no 09,38.0,211949.0
2.0,1769.0,street no 01,31.0,182752.0
2.0,1040.0,suburb area,16.0,154062.0
5.0,1585.0,street no 10,34.0,232730.0
4.0,793.0,defence phase 5,36.0,127738.0
1.0,,defence phase 5,18.0,153991.0
6.0,1048.0,street no 09,28.0,201843.0
6.0,1132.0,street no 04,6.0,211520.0
,2118.0,street no 09,27.0,272692.0
2.0,2046.0,street no 07,8.0,199782.0
2.0,1805.0,downtown,27.0,184299.0
6.0,954.0,street no 06,5.0,173883.0
5.0,1342.0,north nazimabad,28.0,200410.0
4.0,2107.0,street no 05,16.0,244368.0
2.0,1571.0,downtown,15.0,162687.0
4.0,2660.0,street no 09,22.0,306951.0
2.0,1697.0,street no 02,30.0,207879.0
2.0,1596.0,defence phase 5,2.0,190817.0
3.0,1345.0,gulberg,20.0,201466.0
2.0,1567.0,downtown,25.0,161502.0
1.0,1424.0,defence phase 5,35.0,127939.0
5.0,1854.0,suburb area,36.0,254784.0
5.0,1978.0,street no 02,21.0,275195.0
4.0,1107.0,downtown,11.0,167537.0
2.0,834.0,suburb area,12.0,140865.0
1.0,582.0,north nazimabad,10.0,75849.0
4.0,1754.0,street no 09,15.0,246651.0
3.0,948.0,suburb area,7.0,170302.0
4.0,424.0,street no 03,39.0,113622.0
4.0,1694.0,street no 08,39.0,231880.0
2.0,2746.0,downtown,1.0,264554.0
3.0,1497.0,north nazimabad,29.0,161416.0
4.0,1919.0,street no 09,29.0,246392.0
1.0,1541.0,street no 08,11.0,176451.0
1.0,1451.0,street no 04,9.0,165875.0
5.0,1960.0,suburb area,10.0,280051.0
3.0,1355.0,street no 01,14.0,178222.0
3.0,,street no 04,15.0,189638.0
5.0,1661.0,defence phase 5,16.0,220693.0
4.0,1166.0,street no 09,25.0,188823.0
3.0,1996.0,street no 02,1.0,267332.0
1.0,1413.0,street no 03,11.0,158889.0
1.0,1122.0,street no 10,25.0,142948.0
2.0,1768.0,street no 08,22.0,203996.0
3.0,1051.0,street no 06,17.0,138824.0
4.0,1514.0,street no 08,31.0,212691.0
5.0,,street no 07,37.0,194294.0
5.0,2043.0,defence phase 5,2.0,268944.0
4.0,1737.0,gulberg,37.0,230874.0
6.0,1487.0,gulberg,2.0,255249.0
2.0,1909.0,street no 05,29.0,197199.0
5.0,2195.0,street no 09,0.0,283223.0
3.0,1779.0,street no 04,29.0,211149.0
2.0,1505.0,street no 06,31.0,164106.0
3.0,844.0,street no 02,27.0,156283.0
1.0,967.0,north nazimabad,20.0,100903.0
2.0,1347.0,street no 02,,172685.0
5.0,1195.0,street no 02,26.0,213115.0
2.0,1407.0,street no 10,35.0,155754.0
2.0,1528.0,street no 07,6.0,164863.0
2.0,1765.0,gulberg,21.0,218429.0
6.0,1465.0,street no 02,9.0,260503.0
2.0,1743.0,north nazimabad,38.0,156524.0
3.0,1532.0,north nazimabad,14.0,184437.0
1.0,512.0,suburb area,14.0,100203.0
4.0,1030.0,north nazimabad,3.0,152983.0
2.0,1428.0,gulberg,31.0,179718.0
5.0,895.0,street no 02,22.0,184695.0
2.0,1800.0,north nazimabad,5.0,189889.0
5.0,2265.0,street no 09,23.0,284737.0
3.0,2109.0,street no 07,19.0,216536.0
5.0,1393.0,downtown,36.0,185029.0
4.0,2245.0,street no 03,19.0,269633.0
1.0,1574.0,street no 03,11.0,175392.0
5.0,1331.0,street no 07,32.0,190747.0
5.0,1193.0,street no 05,27.0,186938.0
1.0,1349.0,street no 10,7.0,149074.0
4.0,1306.0,defence phase 5,0.0,193950.0
,1585.0,defence phase 5,36.0,173482.0
5.0,1580.0,street no 06,,224599.0
1.0,1502.0,gulberg,5.0,185121.0
3.0,1718.0,suburb area,20.0,217777.0
1.0,2095.0,street no 08,31.0,221787.0
3.0,1975.0,street no 09,34.0,218091.0
4.0,758.0,street no 01,14.0,140878.0
2.0,300.0,street no 03,4.0,99344.0
1.0,1967.0,downtown,5.0,179245.0
,817.0,street no 07,24.0,151512.0
5.0,1388.0,street no 06,39.0,191506.0
4.0,915.0,street no 07,28.0,151461.0
1.0,599.0,street no 08,6.0,119513.0
5.0,1771.0,street no 06,39.0,224077.0
1.0,1880.0,street no 03,12.0,935374.4832510614
3.0,1212.0,street no 02,37.0,828285.3918185582
1.0,300.0,suburb area,17.0,87896.0
6.0,1227.0,street no 07,1.0,212172.0
1.0,1696.0,suburb area,7.0,190029.0
1.0,761.0,suburb area,10.0,126272.0
6.0,1592.0,suburb area,32.0,254509.0
4.0,1492.0,downtown,37.0,177315.0
1.0,,street no 01,,171491.0
6.0,1560.0,street no 03,19.0,253744.0
5.0,1013.0,suburb area,11.0,197793.0
3.0,,downtown,30.0,209393.0
3.0,1421.0,street no 04,26.0,179395.0
1.0,1486.0,gulberg,31.0,173589.0
4.0,1033.0,,9.0,161540.0
4.0,1278.0,street no 01,2.0,187535.0
5.0,1058.0,street no 05,26.0,164893.0
1.0,1414.0,street no 10,34.0,154474.0
3.0,2356.0,street no 03,30.0,275737.0
4.0,814.0,street no 02,14.0,161256.0
1.0,693.0,north nazimabad,15.0,90617.0
4.0,2236.0,,12.0,280935.0
6.0,1395.0,street no 08,34.0,227183.0
4.0,1165.0,street no 06,10.0,181175.0
3.0,2020.0,gulberg,20.0,249212.0
2.0,1197.0,defence phase 5,10.0,140192.0
,2413.0,street no 07,29.0,255988.0
5.0,1839.0,suburb area,34.0,260750.0
3.0,1256.0,street no 06,21.0,155862.0
4.0,2579.0,street no 06,37.0,260814.0
1.0,1197.0,suburb area,30.0,141207.0
4.0,1871.0,street no 03,13.0,254408.0
3.0,1650.0,suburb area,23.0,203651.0
5.0,2151.0,gulberg,31.0,282392.0
4.0,2281.0,defence phase 5,,246974.0
5.0,1516.0,street no 08,31.0,234404.0
1.0,1123.0,,14.0,149282.0
5.0,1730.0,street no 07,34.0,216070.0
5.0,,street no 07,2.0,178261.0
2.0,2507.0,,15.0,1171699.0897679203
2.0,1568.0,street no 05,4.0,178593.0
6.0,1317.0,street no 10,20.0,229890.0
2.0,1592.0,street no 08,9.0,205550.0
5.0,826.0,street no 05,,145897.0
3.0,1014.0,street no 09,24.0,148439.0
5.0,2100.0,street no 09,3.0,275958.0
3.0,1172.0,street no 01,28.0,152530.0
3.0,977.0,street no 06,18.0,146268.0
2.0,1768.0,street no 07,1.0,185430.0
4.0,2093.0,street no 03,9.0,258071.0
1.0,1859.0,street no 07,24.0,173377.0
2.0,1998.0,downtown,19.0,206937.0
2.0,1122.0,downtown,18.0,116494.0
4.0,789.0,street no 07,22.0,145226.0
1.0,2251.0,defence phase 5,23.0,210395.0
5.0,1339.0,gulberg,10.0,233689.0
6.0,1375.0,downtown,33.0,211060.0
6.0,2164.0,street no 02,27.0,310430.0
5.0,1778.0,street no 07,4.0,231679.0
2.0,1728.0,north nazimabad,4.0,198255.0
1.0,2583.0,street no 01,20.0,243658.0
2.0,1178.0,street no 05,11.0,148705.0
3.0,1964.0,street no 09,3.0,249264.0
2.0,1529.0,street no 07,19.0,151416.0
2.0,1634.0,street no 07,,165898.0
5.0,2264.0,,24.0,258488.0
5.0,1754.0,gulberg,13.0,258223.0
5.0,1769.0,suburb area,10.0,266333.0
6.0,2036.0,street no 02,31.0,291104.0
3.0,1318.0,,10.0,207275.0
5.0,1080.0,street no 03,17.0,186248.0
1.0,978.0,north nazimabad,26.0,88734.0
6.0,517.0,street no 08,17.0,157041.0
4.0,2528.0,street no 03,22.0,304073.0
1.0,948.0,street no 10,10.0,122975.0
1.0,1389.0,street no 07,20.0,134501.0
5.0,1362.0,street no 02,4.0,234071.0
4.0,1654.0,street no 04,22.0,213175.0
4.0,1908.0,downtown,24.0,223275.0
6.0,1930.0,street no 06,9.0,260120.0
4.0,1208.0,downtown,21.0,160061.0
3.0,1416.0,street no 09,18.0,190188.0
,1641.0,street no 05,0.0,233287.0
4.0,1376.0,gulberg,6.0,207706.0
6.0,2304.0,street no 09,3.0,318848.0
3.0,1745.0,north nazimabad,0.0,218472.0
2.0,1867.0,street no 05,14.0,182192.0
2.0,1831.0,street no 10,39.0,202529.0
3.0,2087.0,street no 08,11.0,253668.0
6.0,1591.0,gulberg,21.0,260672.0
3.0,852.0,gulberg,21.0,141224.0
5.0,1700.0,street no 01,16.0,246013.0
5.0,1174.0,street no 07,28.0,159380.0
2.0,1236.0,street no 04,13.0,159372.0
4.0,1793.0,street no 05,19.0,218655.0
6.0,2119.0,street no 06,32.0,259269.0
2.0,1511.0,street no 05,14.0,158374.0
4.0,1654.0,suburb area,11.0,242394.0
4.0,2351.0,street no 01,39.0,259184.0
5.0,1620.0,suburb area,19.0,248944.0
1.0,2801.0,street no 09,29.0,270494.0
1.0,1783.0,street no 02,37.0,189013.0
3.0,620.0,street no 09,,135201.0
5.0,1877.0,street no 10,27.0,250930.0
4.0,1691.0,street no 02,25.0,229014.0
6.0,2145.0,street no 09,29.0,283867.0
1.0,1837.0,street no 06,12.0,173210.0
4.0,1431.0,downtown,12.0,180713.0
1.0,888.0,,1.0,133907.0
1.0,,gulberg,36.0,154865.0
1.0,,street no 06,37.0,98437.0
6.0,1210.0,street no 06,1.0,207764.0
5.0,1794.0,gulberg,35.0,250152.0
6.0,2335.0,downtown,25.0,270628.0
,1697.0,defence phase 5,10.0,181866.0
4.0,902.0,street no 02,7.0,178979.0
5.0,1722.0,street no 08,39.0,241530.0
5.0,2098.0,street no 03,21.0,282424.0
5.0,1195.0,street no 07,19.0,179517.0
5.0,1433.0,street no 05,7.0,217204.0
6.0,1507.0,street no 03,28.0,240746.0
5.0,1108.0,street no 01,39.0,188330.0
3.0,1824.0,street no 08,25.0,224381.0
4.0,1440.0,street no 03,29.0,198823.0
5.0,1710.0,street no 02,16.0,261207.0
4.0,1056.0,street no 01,19.0,175874.0
3.0,1281.0,street no 04,15.0,167896.0
3.0,1861.0,gulberg,6.0,237602.0
4.0,1314.0,street no 08,15.0,202381.0
1.0,2363.0,gulberg,26.0,240481.0
2.0,1300.0,street no 03,22.0,167360.0
1.0,1612.0,defence phase 5,23.0,166717.0
1.0,,street no 01,8.0,197394.0
6.0,791.0,street no 04,34.0,186225.0
1.0,620.0,street no 09,19.0,91624.0
5.0,737.0,gulberg,36.0,171670.0
6.0,2131.0,street no 01,16.0,284291.0
6.0,1224.0,suburb area,30.0,240555.0
3.0,2779.0,defence phase 5,7.0,275497.0
1.0,1218.0,,14.0,111953.0
3.0,1592.0,street no 02,30.0,225042.0
4.0,2271.0,street no 09,29.0,260358.0
2.0,2503.0,street no 02,19.0,268410.0
6.0,2531.0,gulberg,38.0,314772.0
4.0,2104.0,street no 03,11.0,276287.0
4.0,,street no 07,16.0,220256.0
5.0,1796.0,street no 03,29.0,248639.0
2.0,1889.0,street no 09,28.0,204040.0
4.0,1224.0,street no 06,18.0,178452.0
4.0,1091.0,street no 03,10.0,182050.0
2.0,1498.0,street no 09,33.0,175707.0
2.0,1415.0,street no 01,6.0,160812.0
4.0,1273.0,street no 10,33.0,206854.0
2.0,1848.0,street no 03,19.0,210703.0
,,street no 01,37.0,229792.0
4.0,1544.0,street no 02,23.0,238287.0
,2239.0,suburb area,9.0,298723.0
1.0,,street no 08,31.0,136806.0
4.0,1403.0,street no 07,,179272.0
3.0,1142.0,street no 02,36.0,176762.0
6.0,567.0,street no 02,19.0,174307.0
1.0,1459.0,street no 09,2.0,158916.0
1.0,1439.0,gulberg,36.0,163734.0
1.0,2257.0,gulberg,39.0,229477.0
5.0,1815.0,street no 06,7.0,227413.0
4.0,988.0,street no 05,39.0,138324.0
5.0,2427.0,street no 10,22.0,311089.0
4.0,2111.0,street no 06,39.0,235421.0
5.0,1791.0,,10.0,249163.0
5.0,1387.0,downtown,7.0,193503.0
6.0,1020.0,,28.0,190509.0
3.0,1314.0,north nazimabad,29.0,146318.0
5.0,2044.0,street no 10,9.0,276869.0
6.0,2442.0,street no 10,38.0,297965.0
2.0,2272.0,defence phase 5,27.0,232272.0
3.0,1256.0,street no 09,35.0,166968.0
5.0,940.0,street no 04,12.0,184572.0
1.0,1570.0,street no 02,31.0,200280.0
2.0,,suburb area,35.0,110829.0
2.0,1662.0,street no 08,36.0,208596.0
6.0,1426.0,street no 04,25.0,227400.0
2.0,1267.0,gulberg,21.0,167290.0
3.0,703.0,street no 09,3.0,159890.0
5.0,1757.0,north nazimabad,30.0,221544.0
5.0,1234.0,north nazimabad,17.0,176498.0
1.0,915.0,street no 04,37.0,110902.0
6.0,300.0,north nazimabad,23.0,123391.0
1.0,1486.0,street no 08,22.0,175464.0
2.0,2386.0,street no 09,21.0,248356.0
1.0,2331.0,gulberg,1.0,267002.0
3.0,1271.0,street no 09,30.0,175178.0
5.0,1199.0,street no 10,10.0,200643.0
2.0,1734.0,street no 04,27.0,195163.0
1.0,1001.0,street no 01,31.0,103165.0
6.0,1651.0,north nazimabad,4.0,240371.0
3.0,1883.0,street no 03,37.0,214136.0
3.0,2113.0,street no 09,9.0,265442.0
1.0,1450.0,street no 04,39.0,144915.0
5.0,1398.0,street no 05,23.0,202081.0
1.0,1061.0,street no 07,34.0,97616.0
2.0,1087.0,street no 05,22.0,117933.0
1.0,1387.0,street no 04,16.0,158488.0
3.0,1684.0,north nazimabad,0.0,205199.0
1.0,1957.0,street no 02,30.0,214058.0
5.0,1098.0,north nazimabad,30.0,149135.0
6.0,2246.0,,33.0,296330.0
4.0,1364.0,gulberg,8.0,221078.0
1.0,1489.0,gulberg,21.0,164529.0
5.0,1126.0,street no 04,12.0,199650.0
5.0,300.0,street no 10,24.0,120259.0
6.0,1942.0,gulberg,17.0,291011.0
,1868.0,street no 10,11.0,239713.0
5.0,1359.0,,39.0,218373.0
5.0,1533.0,north nazimabad,16.0,220173.0
5.0,1758.0,street no 09,14.0,260196.0
5.0,719.0,street no 08,14.0,165774.0
2.0,1235.0,street no 03,14.0,159770.0
2.0,1897.0,north nazimabad,38.0,192213.0
3.0,873.0,defence phase 5,12.0,141375.0
1.0,1647.0,street no 09,16.0,172410.0
5.0,822.0,defence phase 5,31.0,142802.0
6.0,1733.0,street no 05,8.0,240663.0
1.0,1482.0,downtown,39.0,117043.0
6.0,692.0,street no 03,19.0,169968.0
1.0,2082.0,street no 05,25.0,180322.0
3.0,1133.0,gulberg,26.0,168585.0
5.0,1095.0,street no 10,20.0,198090.0
5.0,1600.0,gulberg,,246265.0
4.0,2074.0,street no 04,12.0,254798.0
6.0,992.0,street no 08,15.0,207635.0
1.0,1531.0,gulberg,,182767.0
1.0,1714.0,suburb area,11.0,188448.0
2.0,1847.0,street no 05,37.0,188176.0
4.0,1588.0,street no 10,18.0,231646.0
2.0,1316.0,suburb area,6.0,181072.0
2.0,1086.0,street no 08,34.0,146340.0
2.0,1543.0,street no 09,17.0,193931.0
6.0,964.0,street no 04,15.0,197582.0
6.0,300.0,street no 07,38.0,117029.0
3.0,,street no 02,3.0,233230.0
3.0,1952.0,street no 06,24.0,222850.0
2.0,319.0,street no 08,31.0,93588.0
4.0,995.0,suburb area,39.0,178278.0
1.0,1810.0,street no 07,12.0,175654.0
6.0,2529.0,street no 07,16.0,297202.0
4.0,,street no 08,36.0,208741.0
5.0,1136.0,street no 07,5.0,186857.0
6.0,1409.0,street no 05,18.0,215972.0
6.0,2187.0,street no 07,12.0,266862.0
3.0,1177.0,gulberg,25.0,189943.0
1.0,1100.0,defence phase 5,13.0,127818.0
1.0,1259.0,street no 10,30.0,144344.0
,1023.0,street no 03,3.0,197432.0
5.0,1561.0,street no 05,38.0,203710.0
6.0,2312.0,street no 07,7.0,292924.0
2.0,1662.0,north nazimabad,24.0,156969.0
3.0,1374.0,street no 09,12.0,204863.0
3.0,1354.0,north nazimabad,31.0,153774.0
6.0,718.0,street no 02,37.0,181953.0
4.0,1942.0,street no 04,37.0,236085.0
2.0,1461.0,suburb area,27.0,203151.0
6.0,1410.0,street no 07,29.0,204918.0
2.0,3097.0,street no 01,2.0,319450.0
2.0,1649.0,gulberg,27.0,199972.0
2.0,1124.0,street no 02,2.0,164253.0
6.0,1287.0,street no 09,33.0,216582.0
3.0,2074.0,gulberg,15.0,250770.0
3.0,1557.0,street no 10,21.0,193710.0
2.0,781.0,street no 07,31.0,97165.0
4.0,,suburb area,37.0,252273.0
1.0,1166.0,street no 10,7.0,152554.0
6.0,2437.0,street no 07,7.0,300330.0
1.0,2040.0,street no 06,,191731.0
4.0,1276.0,street no 03,13.0,206006.0
6.0,2141.0,street no 10,31.0,284108.0
2.0,1534.0,street no 03,34.0,155202.0
3.0,1926.0,street no 02,9.0,248638.0
,1742.0,downtown,2.0,164751.0
5.0,,street no 06,11.0,179957.0
5.0,1178.0,street no 04,30.0,209177.0
4.0,2015.0,street no 05,28.0,244663.0
2.0,1333.0,street no 03,4.0,177599.0
1.0,1298.0,street no 06,24.0,121468.0
2.0,1022.0,downtown,30.0,839623.5288073622
1.0,1712.0,suburb area,20.0,192795.0
4.0,2531.0,street no 03,19.0,300394.0
4.0,966.0,defence phase 5,38.0,136487.0
5.0,1512.0,north nazimabad,21.0,209739.0
2.0,2206.0,defence phase 5,3.0,221978.0
6.0,1460.0,street no 08,12.0,259921.0
5.0,1726.0,street no 09,19.0,237905.0
2.0,969.0,street no 04,,145755.0
5.0,1714.0,north nazimabad,16.0,216275.0
6.0,,street no 09,35.0,230274.0
3.0,1993.0,suburb area,32.0,234505.0
3.0,2094.0,street no 07,0.0,231933.0
3.0,2795.0,street no 03,14.0,314065.0
3.0,1790.0,street no 07,12.0,197923.0
1.0,1663.0,,16.0,155300.0
3.0,1597.0,street no 01,23.0,195216.0
6.0,1323.0,street no 03,7.0,229892.0
4.0,1669.0,street no 06,26.0,198526.0
4.0,1352.0,street no 04,22.0,198230.0
1.0,1584.0,street no 07,7.0,166429.0
3.0,2159.0,defence phase 5,7.0,237926.0
,997.0,street no 03,25.0,156723.0
3.0,2070.0,street no 01,12.0,240482.0
5.0,2159.0,street no 09,38.0,268168.0
2.0,1441.0,north nazimabad,36.0,154637.0
5.0,439.0,street no 06,27.0,126488.0
2.0,1196.0,street no 08,24.0,160705.0
,2148.0,street no 03,15.0,227420.0
3.0,1489.0,street no 08,1.0,206724.0
5.0,1000.0,street no 02,17.0,209198.0
5.0,1248.0,suburb area,16.0,220366.0
2.0,1920.0,street no 04,29.0,205333.0
4.0,1773.0,street no 03,38.0,236454.0
2.0,1381.0,street no 10,12.0,176992.0
5.0,1317.0,street no 01,31.0,178101.0
6.0,1304.0,north nazimabad,28.0,190551.0
5.0,1039.0,gulberg,29.0,195267.0
6.0,2308.0,gulberg,17.0,313903.0
1.0,1339.0,street no 07,12.0,145081.0
5.0,2109.0,downtown,20.0,243677.0
1.0,2261.0,street no 10,29.0,222227.0
4.0,1999.0,street no 02,20.0,255873.0
2.0,1284.0,street no 04,16.0,159502.0
6.0,1702.0,street no 09,39.0,230569.0
2.0,1488.0,street no 06,18.0,158194.0
1.0,1048.0,street no 08,14.0,141072.0
6.0,,street no 02,8.0,270898.0
2.0,910.0,street no 07,9.0,132820.0
5.0,2094.0,street no 06,30.0,263428.0
3.0,1268.0,gulberg,22.0,177731.0
1.0,1601.0,defence phase 5,29.0,135722.0
2.0,1642.0,street no 09,32.0,183611.0
1.0,1371.0,street no 07,8.0,141015.0
1.0,1793.0,street no 01,0.0,181538.0
6.0,1263.0,,34.0,191046.0
6.0,1936.0,street no 08,10.0,302187.0
,827.0,downtown,33.0,108423.0
5.0,1563.0,street no 10,15.0,241161.0
1.0,2469.0,north nazimabad,8.0,223351.0
2.0,1000.0,street no 03,31.0,138324.0
4.0,1161.0,defence phase 5,14.0,166683.0
1.0,1757.0,street no 02,11.0,197686.0
1.0,1590.0,suburb area,32.0,189239.0
3.0,1675.0,street no 03,13.0,205669.0
5.0,1745.0,downtown,7.0,229324.0
4.0,1817.0,street no 06,7.0,220259.0
6.0,2055.0,gulberg,26.0,293016.0
6.0,1705.0,defence phase 5,11.0,1534418.5731619021
2.0,1379.0,street no 03,0.0,191537.0
4.0,1836.0,street no 10,39.0,223185.0
6.0,2450.0,street no 05,10.0,311501.0
2.0,1434.0,street no 06,38.0,146729.0
5.0,1013.0,street no 08,30.0,180059.0
2.0,2054.0,street no 07,16.0,209085.0
6.0,1440.0,defence phase 5,32.0,211103.0
3.0,414.0,downtown,31.0,64781.0
3.0,1924.0,street no 08,28.0,237227.0
3.0,1232.0,street no 03,20.0,185893.0
6.0,1455.0,street no 04,20.0,245603.0
3.0,1666.0,street no 06,39.0,176993.0
4.0,,downtown,22.0,193586.0
5.0,1855.0,street no 07,5.0,238628.0
2.0,1282.0,street no 09,21.0,173023.0
2.0,1757.0,gulberg,37.0,193874.0
6.0,1370.0,street no 01,36.0,207864.0
3.0,1869.0,gulberg,7.0,232640.0
3.0,1808.0,north nazimabad,34.0,183320.0
1.0,1032.0,street no 08,10.0,144189.0
5.0,2043.0,street no 08,23.0,289397.0
4.0,1232.0,street no 06,20.0,168212.0
2.0,1904.0,street no 04,1.0,213711.0
1.0,1684.0,street no 03,39.0,175995.0
1.0,2419.0,downtown,18.0,220056.0
6.0,1388.0,street no 03,38.0,225069.0
2.0,1325.0,street no 06,27.0,154968.0
6.0,1490.0,gulberg,16.0,242999.0
4.0,1348.0,street no 08,5.0,212691.0
1.0,1900.0,street no 07,18.0,177691.0
1.0,692.0,downtown,37.0,70827.0
5.0,973.0,street no 01,27.0,169699.0
4.0,966.0,downtown,1.0,142376.0
1.0,1975.0,street no 06,37.0,194444.0
4.0,2355.0,street no 07,36.0,245836.0
2.0,1448.0,suburb area,3.0,199019.0
3.0,1416.0,street no 07,21.0,170037.0
1.0,1535.0,street no 09,25.0,159253.0
5.0,2081.0,downtown,35.0,240259.0
2.0,1036.0,downtown,12.0,117286.0
4.0,1619.0,street no 10,31.0,220667.0
6.0,1988.0,street no 05,16.0,260073.0
2.0,1751.0,street no 01,35.0,184711.0
,1595.0,street no 02,18.0,178256.0
4.0,2001.0,north nazimabad,34.0,218722.0
3.0,300.0,street no 04,39.0,77525.0
2.0,1839.0,street no 05,27.0,179177.0
1.0,1173.0,street no 09,0.0,127296.0
5.0,585.0,downtown,,126667.0
6.0,1756.0,north nazimabad,39.0,228979.0
4.0,2187.0,street no 01,32.0,250149.0
2.0,1431.0,street no 03,11.0,183617.0
2.0,1976.0,street no 05,7.0,215877.0
3.0,2306.0,street no 03,23.0,283014.0
3.0,2157.0,street no 04,15.0,258107.0
5.0,2320.0,north nazimabad,3.0,277748.0
6.0,1871.0,defence phase 5,37.0,240726.0
5.0,1538.0,street no 03,26.0,236269.0
1.0,699.0,,8.0,92400.0
1.0,1377.0,defence phase 5,15.0,138632.0
5.0,1078.0,north nazimabad,11.0,176108.0
6.0,2585.0,gulberg,30.0,2520687.0813610815
5.0,1412.0,gulberg,23.0,229669.0
6.0,1562.0,north nazimabad,13.0,224777.0
6.0,1776.0,north nazimabad,24.0,239038.0
4.0,1522.0,street no 01,33.0,198802.0
6.0,2348.0,suburb area,2.0,324245.0
3.0,1189.0,street no 08,23.0,187916.0
6.0,1597.0,street no 04,8.0,257580.0
6.0,1129.0,,25.0,186515.0
6.0,840.0,street no 02,19.0,203856.0
1.0,1194.0,street no 02,,140313.0
3.0,1481.0,street no 06,9.0,175209.0
3.0,1285.0,defence phase 5,18.0,158896.0
5.0,1154.0,street no 02,2.0,223348.0
4.0,797.0,north nazimabad,23.0,136141.0
6.0,1458.0,north nazimabad,4.0,223531.0
2.0,748.0,street no 06,2.0,116076.0
4.0,1880.0,downtown,26.0,211832.0
4.0,1541.0,north nazimabad,15.0,192507.0
3.0,771.0,street no 02,14.0,154743.0
4.0,1345.0,street no 04,34.0,181442.0
6.0,1124.0,street no 07,11.0,178246.0
6.0,1660.0,street no 08,25.0,259906.0
1.0,2170.0,north nazimabad,33.0,189114.0
6.0,562.0,street no 03,22.0,166207.0
6.0,1558.0,defence phase 5,30.0,215400.0
3.0,1420.0,north nazimabad,19.0,181044.0
6.0,1836.0,gulberg,11.0,274386.0
1.0,1607.0,,22.0,168149.0
2.0,1124.0,street no 02,3.0,174472.0
3.0,1340.0,street no 08,22.0,179834.0
2.0,,street no 08,0.0,156203.0
3.0,2038.0,gulberg,24.0,247385.0
,1511.0,defence phase 5,1.0,215314.0
4.0,,street no 04,29.0,273314.0
5.0,1470.0,street no 01,2.0,226409.0
6.0,1146.0,gulberg,20.0,213482.0
2.0,743.0,street no 01,24.0,105226.0
6.0,598.0,street no 02,19.0,174200.0
4.0,708.0,defence phase 5,,132061.0
3.0,1634.0,north nazimabad,20.0,198650.0
4.0,1754.0,suburb area,32.0,223228.0
1.0,709.0,defence phase 5,37.0,77615.0
4.0,1948.0,street no 09,14.0,254737.0
1.0,1258.0,gulberg,14.0,153566.0
4.0,1573.0,street no 02,24.0,217820.0
1.0,2306.0,street no 02,20.0,245876.0
2.0,1948.0,street no 06,23.0,203593.0
6.0,1366.0,street no 07,4.0,221728.0
6.0,1054.0,gulberg,5.0,223045.0
5.0,424.0,street no 07,22.0,116027.0
6.0,1140.0,north nazimabad,3.0,194781.0
3.0,1394.0,gulberg,26.0,198740.0
4.0,1006.0,street no 09,17.0,177504.0
5.0,1434.0,street no 06,20.0,191855.0
3.0,1538.0,defence phase 5,27.0,180949.0
3.0,1388.0,street no 08,34.0,193910.0
1.0,1175.0,downtown,21.0,121380.0
6.0,1584.0,street no 06,39.0,217860.0
2.0,1721.0,street no 02,22.0,202848.0
2.0,955.0,street no 01,2.0,131365.0
5.0,2205.0,street no 05,39.0,245083.0
2.0,1451.0,defence phase 5,9.0,164665.0
4.0,,street no 09,24.0,205790.0
2.0,1854.0,street no 08,7.0,241627.0
5.0,1617.0,defence phase 5,10.0,230011.0
2.0,1977.0,gulberg,4.0,242214.0
4.0,1644.0,street no 04,36.0,216237.0
1.0,1194.0,street no 05,37.0,110322.0
5.0,1681.0,gulberg,28.0,241575.0
1.0,928.0,street no 05,4.0,107010.0
1.0,1554.0,street no 06,8.0,158066.0
1.0,1483.0,street no 03,1.0,180533.0
3.0,1396.0,street no 05,0.0,177926.0
6.0,1436.0,street no 02,39.0,236084.0
3.0,559.0,street no 10,29.0,113790.0
6.0,1226.0,street no 01,10.0,201920.0
1.0,1546.0,downtown,27.0,151270.0
5.0,1580.0,street no 01,11.0,243526.0
6.0,986.0,street no 10,38.0,202798.0
4.0,2133.0,street no 07,25.0,225391.0
4.0,1067.0,street no 02,12.0,198685.0
2.0,1985.0,street no 04,7.0,232437.0
6.0,1714.0,street no 05,27.0,231633.0
5.0,1177.0,street no 07,29.0,175895.0
3.0,2388.0,street no 02,8.0,281418.0
1.0,903.0,defence phase 5,38.0,103965.0
2.0,1960.0,street no 06,30.0,195963.0
4.0,2000.0,street no 01,20.0,232644.0
3.0,1165.0,,33.0,144382.0
3.0,2196.0,street no 09,30.0,253195.0
1.0,1375.0,street no 05,24.0,135826.0
6.0,1644.0,street no 05,11.0,241096.0
4.0,1630.0,street no 04,0.0,228788.0
5.0,1433.0,street no 03,21.0,214346.0
3.0,1905.0,street no 09,39.0,215731.0
1.0,1897.0,street no 05,36.0,174185.0
5.0,626.0,street no 08,0.0,173703.0
6.0,2152.0,street no 09,0.0,307611.0
4.0,669.0,street no 05,20.0,121623.0
6.0,2016.0,street no 10,14.0,284990.0
3.0,2063.0,street no 09,16.0,247734.0
5.0,955.0,street no 02,21.0,195703.0
5.0,1295.0,street no 09,37.0,195851.0
5.0,947.0,downtown,34.0,157854.0
3.0,1393.0,street no 04,15.0,182376.0
3.0,1346.0,street no 06,7.0,164604.0
6.0,1890.0,street no 06,,231804.0
2.0,2155.0,street no 06,16.0,211208.0
6.0,2198.0,street no 02,25.0,316838.0
4.0,1219.0,street no 07,12.0,152265.0
1.0,1395.0,gulberg,16.0,159282.0
5.0,658.0,street no 06,37.0,133892.0
2.0,1097.0,downtown,16.0,107624.0
1.0,1982.0,defence phase 5,13.0,186468.0
,2308.0,street no 01,5.0,251249.0
6.0,883.0,street no 02,34.0,213013.0
3.0,1204.0,street no 07,13.0,154465.0
5.0,1487.0,street no 01,7.0,213030.0
6.0,1640.0,north nazimabad,14.0,228792.0
1.0,1095.0,street no 01,26.0,120741.0
1.0,1712.0,street no 01,12.0,178189.0
1.0,1263.0,street no 08,30.0,165550.0
1.0,1493.0,street no 04,34.0,164153.0
,1773.0,street no 04,5.0,193959.0
2.0,1503.0,,4.0,193856.0
6.0,1282.0,street no 02,21.0,259206.0
5.0,1445.0,downtown,22.0,200436.0
3.0,1456.0,downtown,24.0,159953.0
3.0,1315.0,downtown,33.0,147726.0
6.0,1371.0,street no 01,25.0,210142.0
6.0,2299.0,suburb area,4.0,306480.0
3.0,1780.0,street no 10,25.0,220724.0
3.0,1352.0,street no 09,19.0,196964.0
2.0,1848.0,street no 07,5.0,179619.0
4.0,1333.0,street no 04,5.0,203528.0
5.0,2087.0,suburb area,17.0,281601.0
1.0,1685.0,street no 06,3.0,173712.0
4.0,1446.0,defence phase 5,16.0,189795.0
6.0,1724.0,street no 02,13.0,263568.0
3.0,715.0,street no 07,13.0,105175.0
4.0,937.0,street no 02,12.0,175346.0
5.0,903.0,street no 10,,198317.0
6.0,1571.0,street no 08,14.0,268673.0
1.0,2366.0,street no 08,18.0,242436.0
1.0,2616.0,street no 01,34.0,247084.0
5.0,1819.0,gulberg,16.0,259432.0
5.0,1750.0,street no 08,34.0,245034.0
3.0,599.0,street no 02,18.0,137406.0
1.0,1229.0,street no 06,19.0,127338.0
6.0,1106.0,gulberg,35.0,204834.0
4.0,1190.0,street no 01,34.0,168357.0
6.0,1416.0,street no 05,31.0,215319.0
2.0,1264.0,downtown,39.0,128480.0
2.0,510.0,street no 07,23.0,76966.0
5.0,1874.0,gulberg,16.0,269171.0
3.0,964.0,street no 10,6.0,167777.0
2.0,1620.0,street no 01,0.0,189081.0
1.0,2537.0,north nazimabad,34.0,219440.0
6.0,1040.0,street no 02,31.0,212242.0
6.0,300.0,street no 07,35.0,101072.0
5.0,1357.0,street no 06,12.0,197117.0
4.0,2050.0,street no 03,5.0,246007.0
5.0,2479.0,defence phase 5,13.0,276907.0
4.0,,street no 10,36.0,141513.0
5.0,1748.0,street no 02,14.0,269247.0
5.0,1267.0,street no 10,3.0,218295.0
5.0,1447.0,street no 04,39.0,200110.0
4.0,2822.0,street no 03,15.0,326468.0
,749.0,street no 07,27.0,131653.0
5.0,1627.0,street no 08,15.0,251375.0
2.0,1734.0,street no 02,3.0,218739.0
3.0,2043.0,street no 10,25.0,241123.0
3.0,1549.0,street no 07,27.0,179955.0
3.0,1654.0,street no 08,,207713.0
4.0,1304.0,street no 06,1.0,185299.0
4.0,1635.0,street no 06,30.0,194982.0
2.0,1328.0,street no 10,2.0,165656.0
3.0,1811.0,street no 01,7.0,223694.0
3.0,1315.0,street no 04,23.0,194105.0
5.0,1689.0,defence phase 5,14.0,219623.0
4.0,1485.0,street no 01,30.0,201483.0
3.0,2063.0,street no 04,8.0,238250.0
6.0,1474.0,street no 02,38.0,243011.0
2.0,613.0,downtown,1.0,106427.0
6.0,2131.0,gulberg,7.0,301114.0
6.0,1047.0,street no 05,6.0,191883.0
2.0,1173.0,street no 10,38.0,133751.0
6.0,1202.0,defence phase 5,15.0,196840.0
3.0,2187.0,street no 09,34.0,226754.0
4.0,432.0,downtown,29.0,99317.0
2.0,3069.0,north nazimabad,9.0,299946.0
5.0,2028.0,suburb area,37.0,270763.0
6.0,1612.0,street no 10,17.0,256070.0
2.0,1473.0,street no 03,4.0,187514.0
1.0,1643.0,street no 08,28.0,188011.0
1.0,1761.0,street no 03,38.0,182195.0
4.0,1823.0,street no 06,33.0,194694.0
3.0,1778.0,street no 04,22.0,222706.0
4.0,1545.0,street no 08,4.0,228131.0
4.0,1401.0,downtown,29.0,163240.0
4.0,1424.0,street no 06,5.0,189148.0
4.0,1403.0,street no 08,3.0,205170.0
5.0,2067.0,street no 01,28.0,246342.0
5.0,1797.0,street no 06,22.0,230143.0
2.0,300.0,street no 01,5.0,83295.0
1.0,1828.0,street no 01,31.0,178173.0
4.0,1597.0,street no 08,17.0,228933.0
2.0,1491.0,north nazimabad,14.0,159010.0
1.0,1306.0,street no 07,39.0,116868.0
6.0,2062.0,street no 03,31.0,280242.0
3.0,1974.0,street no 06,8.0,207154.0
5.0,1114.0,north nazimabad,36.0,162214.0
6.0,1704.0,street no 09,9.0,267981.0
1.0,1014.0,street no 07,19.0,116650.0
6.0,810.0,suburb area,5.0,211307.0
3.0,1187.0,street no 03,2.0,195589.0
,1931.0,defence phase 5,10.0,188657.0
6.0,1977.0,defence phase 5,16.0,277593.0
5.0,1757.0,gulberg,31.0,1422048.3961037227
5.0,1863.0,street no 06,3.0,229912.0
2.0,1758.0,downtown,3.0,186735.0
6.0,1179.0,street no 04,16.0,215958.0
4.0,1716.0,defence phase 5,18.0,208381.0
6.0,1900.0,gulberg,4.0,292233.0
1.0,1877.0,street no 03,31.0,194269.0
1.0,2094.0,street no 09,21.0,205181.0
6.0,,street no 10,,278930.0
3.0,1676.0,street no 02,34.0,224745.0
5.0,2035.0,street no 01,21.0,258742.0
1.0,1487.0,north nazimabad,0.0,161249.0
,1059.0,defence phase 5,19.0,171497.0
1.0,1418.0,street no 02,21.0,174585.0
2.0,1128.0,street no 07,10.0,122890.0
4.0,1162.0,street no 10,12.0,186285.0
1.0,1428.0,street no 01,2.0,157400.0
5.0,1104.0,street no 06,8.0,170349.0
2.0,1346.0,defence phase 5,11.0,149032.0
1.0,553.0,street no 07,22.0,68068.0
3.0,1607.0,street no 09,13.0,207143.0
4.0,1501.0,north nazimabad,32.0,192804.0
1.0,1091.0,defence phase 5,17.0,112469.0
2.0,1830.0,street no 08,8.0,222508.0
3.0,1969.0,street no 06,22.0,207385.0
6.0,696.0,street no 03,9.0,191109.0
2.0,1119.0,street no 08,18.0,169693.0
2.0,1115.0,street no 07,4.0,138390.0
3.0,1030.0,street no 03,22.0,169169.0
,1915.0,street no 09,29.0,208005.0
3.0,1403.0,suburb area,24.0,205481.0
1.0,1368.0,street no 02,27.0,164572.0
3.0,498.0,street no 03,33.0,104420.0
3.0,1818.0,street no 02,24.0,233442.0
4.0,880.0,gulberg,9.0,166235.0
3.0,1530.0,street no 01,13.0,209595.0
3.0,1639.0,street no 04,29.0,197894.0
6.0,2180.0,street no 05,24.0,278801.0
1.0,846.0,gulberg,13.0,124378.0
4.0,300.0,street no 06,34.0,78371.0
6.0,1592.0,street no 05,33.0,206913.0
5.0,,street no 01,9.0,298474.0
1.0,2119.0,street no 03,34.0,224194.0
1.0,1605.0,street no 01,10.0,162503.0
5.0,1254.0,downtown,10.0,172890.0
3.0,1904.0,,20.0,205959.0
6.0,1013.0,street no 05,20.0,174784.0
2.0,1738.0,suburb area,21.0,207134.0
4.0,1753.0,downtown,,217946.0
2.0,2030.0,gulberg,16.0,232294.0
,2880.0,street no 06,1.0,319504.0
1.0,1696.0,street no 08,11.0,199535.0
1.0,1246.0,street no 10,17.0,154838.0
4.0,1487.0,suburb area,10.0,225060.0
1.0,615.0,street no 01,15.0,87785.0
1.0,1153.0,street no 04,,141850.0
,1295.0,street no 10,34.0,193332.0
6.0,1238.0,downtown,25.0,192688.0
6.0,1576.0,street no 01,15.0,250022.0
4.0,1089.0,street no 09,5.0,188326.0
5.0,2061.0,downtown,11.0,246598.0
1.0,1500.0,street no 07,12.0,142766.0
1.0,,street no 07,3.0,145959.0
5.0,1336.0,suburb area,38.0,221733.0
6.0,1578.0,street no 05,1.0,231999.0
3.0,1913.0,street no 07,,199464.0
3.0,1066.0,suburb area,26.0,179541.0
3.0,1171.0,north nazimabad,26.0,149486.0
6.0,1348.0,street no 02,14.0,253457.0
6.0,827.0,,7.0,182538.0
5.0,1090.0,gulberg,6.0,198084.0
1.0,1262.0,street no 04,39.0,134589.0
5.0,1937.0,defence phase 5,11.0,255873.0
5.0,1631.0,defence phase 5,12.0,213196.0
6.0,1597.0,street no 07,16.0,230441.0
3.0,1925.0,street no 03,16.0,234966.0
,1431.0,street no 02,35.0,788919.7222394003
1.0,1695.0,street no 10,20.0,184880.0
6.0,1448.0,street no 02,7.0,248669.0
3.0,1633.0,gulberg,4.0,212596.0
2.0,1209.0,street no 01,25.0,144275.0
2.0,300.0,street no 05,15.0,52294.0
6.0,,suburb area,35.0,235542.0
4.0,2211.0,street no 06,27.0,265029.0
1.0,1963.0,street no 06,28.0,184482.0
2.0,1983.0,street no 09,11.0,215133.0
6.0,2118.0,street no 04,36.0,291620.0
6.0,1544.0,street no 01,29.0,221065.0
3.0,1599.0,street no 06,,178730.0
,1191.0,north nazimabad,15.0,160862.0
1.0,,street no 05,13.0,139149.0
5.0,1808.0,street no 10,9.0,269412.0
3.0,2102.0,street no 06,6.0,223408.0
2.0,1430.0,street no 03,36.0,154196.0
2.0,1275.0,street no 02,28.0,179756.0
3.0,1500.0,street no 06,2.0,197670.0
6.0,1801.0,gulberg,14.0,259417.0
2.0,778.0,street no 01,35.0,108402.0
4.0,352.0,street no 07,18.0,98295.0
1.0,1225.0,street no 07,12.0,118024.0
4.0,890.0,street no 10,20.0,153368.0
2.0,1246.0,gulberg,36.0,167912.0
5.0,1426.0,street no 07,26.0,194836.0
1.0,1273.0,north nazimabad,28.0,127148.0
1.0,2226.0,suburb area,19.0,232402.0
3.0,1663.0,downtown,24.0,175448.0
3.0,1650.0,street no 10,5.0,198183.0
5.0,1811.0,street no 01,35.0,230537.0
6.0,931.0,north nazimabad,1.0,197764.0
1.0,2020.0,street no 04,21.0,197924.0
5.0,1462.0,gulberg,31.0,212578.0
3.0,1835.0,street no 07,15.0,205109.0
3.0,964.0,downtown,17.0,134404.0
1.0,723.0,street no 09,4.0,105197.0
4.0,1909.0,street no 05,35.0,213671.0
2.0,1688.0,gulberg,29.0,200949.0
3.0,1049.0,street no 02,18.0,171704.0
6.0,1065.0,street no 07,22.0,189524.0
6.0,2063.0,street no 10,33.0,301361.0
3.0,905.0,street no 01,12.0,127708.0
4.0,2321.0,street no 07,28.0,258841.0
4.0,1050.0,street no 06,35.0,148582.0
5.0,1819.0,street no 07,21.0,238449.0
6.0,,defence phase 5,35.0,208668.0
5.0,1802.0,gulberg,8.0,263947.0
,1228.0,street no 10,38.0,218643.0
2.0,1419.0,street no 03,18.0,175647.0
2.0,1520.0,north nazimabad,37.0,149179.0
1.0,999.0,street no 03,5.0,143187.0
5.0,1870.0,street no 07,14.0,228169.0
3.0,1243.0,gulberg,19.0,188377.0
5.0,1386.0,street no 02,8.0,235155.0
3.0,1003.0,street no 01,31.0,121086.0
4.0,300.0,street no 09,3.0,116950.0
5.0,1404.0,street no 09,17.0,220543.0
4.0,2706.0,street no 07,4.0,288555.0
2.0,1892.0,street no 07,19.0,168809.0
2.0,1490.0,street no 03,22.0,193046.0
1.0,1369.0,street no 10,10.0,164198.0
5.0,1511.0,north nazimabad,36.0,203703.0
4.0,1774.0,street no 02,21.0,240662.0
3.0,910.0,downtown,3.0,136375.0
2.0,2057.0,street no 07,,212562.0
2.0,1858.0,street no 09,33.0,195304.0
3.0,1859.0,street no 01,12.0,231038.0
4.0,1719.0,gulberg,8.0,245006.0
4.0,1510.0,defence phase 5,30.0,182338.0
5.0,1836.0,street no 04,6.0,275525.0
5.0,1796.0,street no 06,3.0,241553.0
6.0,1323.0,street no 07,18.0,209575.0
6.0,1213.0,street no 10,29.0,213708.0
1.0,1551.0,street no 07,30.0,135033.0
2.0,2275.0,street no 10,34.0,239665.0
5.0,880.0,street no 02,20.0,201080.0
4.0,766.0,defence phase 5,30.0,127296.0
3.0,1582.0,street no 04,18.0,201292.0
4.0,1525.0,street no 05,30.0,199891.0
2.0,1587.0,,31.0,162551.0
6.0,1622.0,suburb area,1.0,277139.0
4.0,1388.0,street no 01,9.0,203540.0
1.0,2245.0,street no 01,1.0,222507.0
2.0,700.0,street no 10,1.0,131302.0
6.0,1086.0,street no 03,23.0,214949.0
3.0,1448.0,north nazimabad,16.0,171906.0
6.0,678.0,north nazimabad,31.0,157539.0
1.0,1412.0,street no 10,15.0,159407.0
2.0,2331.0,street no 03,15.0,247859.0
3.0,1510.0,suburb area,38.0,188380.0
1.0,1615.0,street no 08,30.0,174819.0
6.0,870.0,street no 09,23.0,180621.0
1.0,1192.0,north nazimabad,0.0,129426.0
2.0,1312.0,defence phase 5,10.0,158350.0
5.0,1341.0,downtown,20.0,174298.0
1.0,2141.0,suburb area,3.0,222779.0
,1779.0,street no 01,6.0,178309.0
6.0,944.0,defence phase 5,25.0,180203.0
6.0,1623.0,downtown,11.0,1846432.7607850756
3.0,1749.0,street no 02,30.0,216828.0
6.0,2070.0,street no 10,16.0,300278.0
4.0,2290.0,street no 02,32.0,1313906.2496985835
2.0,992.0,north nazimabad,10.0,130333.0
2.0,1095.0,street no 04,27.0,140144.0
5.0,871.0,street no 02,31.0,175258.0
5.0,1383.0,street no 07,,198123.0
2.0,1733.0,gulberg,27.0,209310.0
5.0,1994.0,north nazimabad,6.0,256681.0
3.0,1462.0,street no 09,1.0,208249.0
6.0,1340.0,street no 07,23.0,205911.0
2.0,1576.0,suburb area,3.0,195487.0
5.0,1082.0,street no 06,18.0,190715.0
2.0,2545.0,north nazimabad,25.0,246374.0
4.0,,street no 10,10.0,158120.0
1.0,1592.0,street no 01,39.0,149827.0
6.0,2512.0,downtown,10.0,310689.0
2.0,1503.0,street no 10,2.0,183818.0
1.0,1405.0,street no 09,11.0,165823.0
5.0,1321.0,street no 05,2.0,184284.0
1.0,1410.0,downtown,26.0,136041.0
6.0,2186.0,street no 05,1.0,276984.0
2.0,394.0,street no 06,15.0,77476.0
4.0,2267.0,street no 09,1.0,290763.0
5.0,788.0,gulberg,29.0,178419.0
2.0,1367.0,street no 08,19.0,189302.0
6.0,1285.0,,37.0,232914.0
5.0,1794.0,defence phase 5,27.0,224319.0
3.0,701.0,street no 08,24.0,143514.0
1.0,1731.0,street no 01,31.0,154162.0
6.0,2512.0,street no 01,9.0,310946.0
3.0,818.0,street no 08,39.0,151728.0
2.0,1595.0,street no 05,32.0,159760.0
4.0,1169.0,street no 09,12.0,171621.0
5.0,1713.0,street no 02,36.0,263178.0
1.0,1510.0,street no 09,15.0,171843.0
5.0,1179.0,suburb area,21.0,218732.0
2.0,1744.0,defence phase 5,19.0,175670.0
5.0,2402.0,street no 08,26.0,306079.0
1.0,1405.0,street no 09,15.0,161005.0
2.0,1860.0,street no 04,33.0,194674.0
5.0,853.0,street no 01,31.0,156363.0
4.0,1022.0,street no 01,25.0,147238.0
6.0,1736.0,street no 05,24.0,235347.0
2.0,2242.0,street no 02,1.0,269679.0
6.0,1678.0,defence phase 5,11.0,236259.0
2.0,1343.0,street no 08,39.0,182845.0
4.0,1500.0,street no 10,8.0,207834.0
6.0,875.0,downtown,11.0,168242.0
3.0,1802.0,,25.0,192649.0
1.0,1941.0,street no 05,8.0,186079.0
3.0,1274.0,street no 02,9.0,206420.0
5.0,,street no 07,31.0,170148.0
4.0,1633.0,gulberg,33.0,218828.0
3.0,1282.0,street no 08,19.0,858679.0446283676
2.0,1467.0,street no 10,38.0,172428.0
5.0,2550.0,gulberg,1.0,328199.0
5.0,1376.0,street no 01,0.0,207339.0
3.0,1321.0,street no 02,35.0,185636.0
3.0,1176.0,street no 10,23.0,179956.0
4.0,1872.0,street no 04,26.0,222830.0
1.0,1409.0,street no 05,1.0,142882.0
3.0,1175.0,gulberg,30.0,157773.0
3.0,2161.0,street no 02,13.0,268704.0
6.0,2210.0,street no 01,1.0,306085.0
2.0,1200.0,street no 09,28.0,149577.0
6.0,567.0,defence phase 5,14.0,143809.0
6.0,,street no 01,11.0,266992.0
5.0,1158.0,gulberg,36.0,195561.0
,1895.0,north nazimabad,27.0,172966.0
2.0,515.0,street no 04,19.0,107941.0
4.0,1946.0,street no 02,38.0,244358.0
4.0,894.0,downtown,23.0,139324.0
3.0,1865.0,street no 04,20.0,220703.0
3.0,1507.0,street no 08,9.0,204749.0
4.0,1023.0,street no 08,13.0,182344.0
3.0,,north nazimabad,36.0,155645.0
1.0,1843.0,downtown,17.0,177083.0
6.0,1553.0,suburb area,23.0,254521.0
3.0,1792.0,street no 09,13.0,211273.0
5.0,2488.0,gulberg,33.0,313835.0
3.0,718.0,north nazimabad,11.0,112028.0
2.0,2309.0,downtown,21.0,222130.0
1.0,1552.0,north nazimabad,5.0,158734.0
2.0,1051.0,suburb area,35.0,149108.0
2.0,835.0,street no 05,35.0,96645.0
5.0,1405.0,street no 07,21.0,199185.0
1.0,1961.0,street no 03,13.0,181003.0
1.0,1436.0,street no 10,15.0,174795.0
1.0,2256.0,street no 04,35.0,209626.0
1.0,774.0,street no 10,24.0,111507.0
1.0,1494.0,street no 09,31.0,160905.0
5.0,,street no 10,32.0,182443.0
3.0,1682.0,,35.0,206965.0
2.0,1943.0,defence phase 5,19.0,192801.0
1.0,1290.0,suburb area,17.0,150658.0
3.0,300.0,street no 01,37.0,77691.0
3.0,1599.0,street no 02,2.0,209283.0
2.0,1718.0,street no 05,22.0,172653.0
5.0,1702.0,street no 03,31.0,237599.0
4.0,2118.0,street no 02,15.0,269449.0
4.0,964.0,street no 01,4.0,165436.0
3.0,1840.0,street no 10,3.0,232134.0
6.0,2096.0,street no 03,20.0,289338.0
6.0,611.0,street no 01,39.0,129968.0
2.0,1660.0,suburb area,13.0,199739.0
4.0,1248.0,street no 01,38.0,175963.0
3.0,1459.0,suburb area,30.0,206950.0
5.0,1674.0,street no 01,13.0,217691.0
4.0,1256.0,street no 08,5.0,201109.0
3.0,1162.0,north nazimabad,11.0,163309.0
3.0,1517.0,street no 03,15.0,197395.0
1.0,956.0,downtown,16.0,98411.0
5.0,957.0,street no 01,22.0,182076.0
1.0,1840.0,street no 07,13.0,170131.0
2.0,926.0,street no 10,6.0,140365.0
1.0,1833.0,street no 03,31.0,189163.0
1.0,,street no 08,14.0,210954.0
4.0,637.0,street no 04,16.0,145476.0
6.0,1161.0,street no 04,33.0,205479.0
3.0,2097.0,street no 05,4.0,227806.0
5.0,1009.0,street no 06,26.0,168270.0
1.0,1268.0,street no 07,22.0,128041.0
5.0,1731.0,defence phase 5,39.0,208888.0
